indice_tiempo,nivel_general
1/1/1943,2.05E-12
2/1/1943,2.04E-12
3/1/1943,2.07E-12
4/1/1943,2.08E-12
5/1/1943,2.07E-12
6/1/1943,2.07E-12
7/1/1943,1.95E-12
8/1/1943,1.97E-12
9/1/1943,1.95E-12
10/1/1943,1.97E-12
11/1/1943,1.97E-12
12/1/1943,1.97E-12
1/1/1944,1.98E-12
2/1/1944,1.99E-12
3/1/1944,2.00E-12
4/1/1944,1.98E-12
5/1/1944,1.97E-12
6/1/1944,2.00E-12
7/1/1944,2.00E-12
8/1/1944,2.03E-12
9/1/1944,2.03E-12
10/1/1944,2.04E-12
11/1/1944,2.04E-12
12/1/1944,2.04E-12
1/1/1945,2.20E-12
2/1/1945,2.25E-12
3/1/1945,2.41E-12
4/1/1945,2.42E-12
5/1/1945,2.42E-12
6/1/1945,2.42E-12
7/1/1945,2.45E-12
8/1/1945,2.43E-12
9/1/1945,2.45E-12
10/1/1945,2.45E-12
11/1/1945,2.45E-12
12/1/1945,2.51E-12
1/1/1946,2.68E-12
2/1/1946,2.69E-12
3/1/1946,2.76E-12
4/1/1946,2.81E-12
5/1/1946,2.80E-12
6/1/1946,2.85E-12
7/1/1946,2.86E-12
8/1/1946,2.84E-12
9/1/1946,2.84E-12
10/1/1946,2.91E-12
11/1/1946,2.92E-12
12/1/1946,2.97E-12
1/1/1947,2.95E-12
2/1/1947,2.97E-12
3/1/1947,3.15E-12
4/1/1947,3.15E-12
5/1/1947,3.16E-12
6/1/1947,3.30E-12
7/1/1947,3.27E-12
8/1/1947,3.30E-12
9/1/1947,3.30E-12
10/1/1947,3.28E-12
11/1/1947,3.31E-12
12/1/1947,3.42E-12
1/1/1948,3.36E-12
2/1/1948,3.35E-12
3/1/1948,3.41E-12
4/1/1948,3.43E-12
5/1/1948,3.52E-12
6/1/1948,3.62E-12
7/1/1948,3.61E-12
8/1/1948,3.69E-12
9/1/1948,3.84E-12
10/1/1948,3.85E-12
11/1/1948,3.86E-12
12/1/1948,4.06E-12
1/1/1949,4.09E-12
2/1/1949,4.07E-12
3/1/1949,4.35E-12
4/1/1949,4.56E-12
5/1/1949,4.70E-12
6/1/1949,4.75E-12
7/1/1949,4.84E-12
8/1/1949,4.92E-12
9/1/1949,5.00E-12
10/1/1949,5.14E-12
11/1/1949,5.30E-12
12/1/1949,5.43E-12
1/1/1950,5.33E-12
2/1/1950,5.47E-12
3/1/1950,5.47E-12
4/1/1950,5.59E-12
5/1/1950,5.86E-12
6/1/1950,6.03E-12
7/1/1950,6.03E-12
8/1/1950,6.04E-12
9/1/1950,6.28E-12
10/1/1950,6.52E-12
11/1/1950,6.50E-12
12/1/1950,6.63E-12
1/1/1951,6.57E-12
2/1/1951,6.76E-12
3/1/1951,6.78E-12
4/1/1951,7.39E-12
5/1/1951,7.94E-12
6/1/1951,8.21E-12
7/1/1951,8.27E-12
8/1/1951,9.04E-12
9/1/1951,8.86E-12
10/1/1951,9.13E-12
11/1/1951,9.16E-12
12/1/1951,9.96E-12
1/1/1952,1.03E-11
2/1/1952,1.04E-11
3/1/1952,1.07E-11
4/1/1952,1.14E-11
5/1/1952,1.16E-11
6/1/1952,1.18E-11
7/1/1952,1.13E-11
8/1/1952,1.13E-11
9/1/1952,1.17E-11
10/1/1952,1.18E-11
11/1/1952,1.18E-11
12/1/1952,1.19E-11
1/1/1953,1.17E-11
2/1/1953,1.24E-11
3/1/1953,1.23E-11
4/1/1953,1.18E-11
5/1/1953,1.16E-11
6/1/1953,1.16E-11
7/1/1953,1.17E-11
8/1/1953,1.17E-11
9/1/1953,1.16E-11
10/1/1953,1.16E-11
11/1/1953,1.17E-11
12/1/1953,1.18E-11
1/1/1954,1.15E-11
2/1/1954,1.15E-11
3/1/1954,1.15E-11
4/1/1954,1.18E-11
5/1/1954,1.18E-11
6/1/1954,1.19E-11
7/1/1954,1.22E-11
8/1/1954,1.23E-11
9/1/1954,1.26E-11
10/1/1954,1.30E-11
11/1/1954,1.31E-11
12/1/1954,1.37E-11
1/1/1955,1.34E-11
2/1/1955,1.34E-11
3/1/1955,1.34E-11
4/1/1955,1.36E-11
5/1/1955,1.36E-11
6/1/1955,1.37E-11
7/1/1955,1.38E-11
8/1/1955,1.38E-11
9/1/1955,1.39E-11
10/1/1955,1.39E-11
11/1/1955,1.39E-11
12/1/1955,1.47E-11
1/1/1956,1.45E-11
2/1/1956,1.44E-11
3/1/1956,1.44E-11
4/1/1956,1.49E-11
5/1/1956,1.54E-11
6/1/1956,1.60E-11
7/1/1956,1.59E-11
8/1/1956,1.59E-11
9/1/1956,1.60E-11
10/1/1956,1.62E-11
11/1/1956,1.64E-11
12/1/1956,1.71E-11
1/1/1957,1.69E-11
2/1/1957,1.71E-11
3/1/1957,1.77E-11
4/1/1957,1.82E-11
5/1/1957,1.87E-11
6/1/1957,1.94E-11
7/1/1957,1.97E-11
8/1/1957,2.08E-11
9/1/1957,2.08E-11
10/1/1957,2.10E-11
11/1/1957,2.15E-11
12/1/1957,2.15E-11
1/1/1958,2.10E-11
2/1/1958,2.12E-11
3/1/1958,2.16E-11
4/1/1958,2.25E-11
5/1/1958,2.40E-11
6/1/1958,2.50E-11
7/1/1958,2.59E-11
8/1/1958,2.71E-11
9/1/1958,2.77E-11
10/1/1958,2.85E-11
11/1/1958,2.99E-11
12/1/1958,3.24E-11
1/1/1959,3.82E-11
2/1/1959,4.17E-11
3/1/1959,4.47E-11
4/1/1959,4.84E-11
5/1/1959,5.35E-11
6/1/1959,5.69E-11
7/1/1959,5.86E-11
8/1/1959,6.08E-11
9/1/1959,6.19E-11
10/1/1959,6.23E-11
11/1/1959,6.36E-11
12/1/1959,6.54E-11
1/1/1960,6.72E-11
2/1/1960,6.78E-11
3/1/1960,6.82E-11
4/1/1960,6.82E-11
5/1/1960,6.80E-11
6/1/1960,6.77E-11
7/1/1960,6.83E-11
8/1/1960,6.87E-11
9/1/1960,6.87E-11
10/1/1960,6.93E-11
11/1/1960,7.10E-11
12/1/1960,7.75E-11
1/1/1961,7.28E-11
2/1/1961,7.37E-11
3/1/1961,7.45E-11
4/1/1961,7.62E-11
5/1/1961,7.68E-11
6/1/1961,7.78E-11
7/1/1961,7.90E-11
8/1/1961,7.96E-11
9/1/1961,8.04E-11
10/1/1961,8.05E-11
11/1/1961,8.31E-11
12/1/1961,9.02E-11
1/1/1962,8.66E-11
2/1/1962,8.79E-11
3/1/1962,8.93E-11
4/1/1962,9.22E-11
5/1/1962,9.54E-11
6/1/1962,9.68E-11
7/1/1962,1.01E-10
8/1/1962,1.02E-10
9/1/1962,1.06E-10
10/1/1962,1.08E-10
11/1/1962,1.07E-10
12/1/1962,1.18E-10
1/1/1963,1.13E-10
2/1/1963,1.14E-10
3/1/1963,1.20E-10
4/1/1963,1.21E-10
5/1/1963,1.21E-10
6/1/1963,1.23E-10
7/1/1963,1.25E-10
8/1/1963,1.25E-10
9/1/1963,1.27E-10
10/1/1963,1.31E-10
11/1/1963,1.34E-10
12/1/1963,1.46E-10
1/1/1964,1.45E-10
2/1/1964,1.44E-10
3/1/1964,1.44E-10
4/1/1964,1.49E-10
5/1/1964,1.50E-10
6/1/1964,1.52E-10
7/1/1964,1.52E-10
8/1/1964,1.51E-10
9/1/1964,1.53E-10
10/1/1964,1.59E-10
11/1/1964,1.61E-10
12/1/1964,1.72E-10
1/1/1965,1.66E-10
2/1/1965,1.74E-10
3/1/1965,1.78E-10
4/1/1965,1.80E-10
5/1/1965,1.84E-10
6/1/1965,1.92E-10
7/1/1965,2.00E-10
8/1/1965,2.04E-10
9/1/1965,2.07E-10
10/1/1965,2.13E-10
11/1/1965,2.20E-10
12/1/1965,2.38E-10
1/1/1966,2.33E-10
2/1/1966,2.38E-10
3/1/1966,2.43E-10
4/1/1966,2.48E-10
5/1/1966,2.51E-10
6/1/1966,2.53E-10
7/1/1966,2.57E-10
8/1/1966,2.60E-10
9/1/1966,2.64E-10
10/1/1966,2.72E-10
11/1/1966,2.79E-10
12/1/1966,3.10E-10
1/1/1967,2.95E-10
2/1/1967,3.01E-10
3/1/1967,3.08E-10
4/1/1967,3.12E-10
5/1/1967,3.15E-10
6/1/1967,3.29E-10
7/1/1967,3.45E-10
8/1/1967,3.46E-10
9/1/1967,3.48E-10
10/1/1967,3.58E-10
11/1/1967,3.66E-10
12/1/1967,3.94E-10
1/1/1968,3.81E-10
2/1/1968,3.85E-10
3/1/1968,3.82E-10
4/1/1968,3.81E-10
5/1/1968,3.81E-10
6/1/1968,3.82E-10
7/1/1968,3.82E-10
8/1/1968,3.83E-10
9/1/1968,3.88E-10
10/1/1968,3.96E-10
11/1/1968,3.97E-10
12/1/1968,4.32E-10
1/1/1969,4.12E-10
2/1/1969,4.07E-10
3/1/1969,4.11E-10
4/1/1969,4.12E-10
5/1/1969,4.06E-10
6/1/1969,4.10E-10
7/1/1969,4.15E-10
8/1/1969,4.12E-10
9/1/1969,4.20E-10
10/1/1969,4.26E-10
11/1/1969,4.29E-10
12/1/1969,4.61E-10
1/1/1970,4.39E-10
2/1/1970,4.45E-10
3/1/1970,4.51E-10
4/1/1970,4.54E-10
5/1/1970,4.58E-10
6/1/1970,4.61E-10
7/1/1970,4.67E-10
8/1/1970,4.72E-10
9/1/1970,4.82E-10
10/1/1970,5.01E-10
11/1/1970,5.14E-10
12/1/1970,5.61E-10
1/1/1971,5.60E-10
2/1/1971,5.78E-10
3/1/1971,5.84E-10
4/1/1971,5.90E-10
5/1/1971,6.04E-10
6/1/1971,6.23E-10
7/1/1971,6.50E-10
8/1/1971,6.67E-10
9/1/1971,6.73E-10
10/1/1971,6.79E-10
11/1/1971,6.98E-10
12/1/1971,7.81E-10
1/1/1972,8.21E-10
2/1/1972,8.51E-10
3/1/1972,8.87E-10
4/1/1972,9.30E-10
5/1/1972,9.45E-10
6/1/1972,9.97E-10
7/1/1972,1.05E-09
8/1/1972,1.05E-09
9/1/1972,1.07E-09
10/1/1972,1.12E-09
11/1/1972,1.18E-09
12/1/1972,1.28E-09
1/1/1973,1.34E-09
2/1/1973,1.44E-09
3/1/1973,1.57E-09
4/1/1973,1.64E-09
5/1/1973,1.69E-09
6/1/1973,1.64E-09
7/1/1973,1.64E-09
8/1/1973,1.66E-09
9/1/1973,1.66E-09
10/1/1973,1.69E-09
11/1/1973,1.70E-09
12/1/1973,1.84E-09
1/1/1974,1.74E-09
2/1/1974,1.76E-09
3/1/1974,1.79E-09
4/1/1974,1.84E-09
5/1/1974,1.90E-09
6/1/1974,1.97E-09
7/1/1974,2.01E-09
8/1/1974,2.05E-09
9/1/1974,2.12E-09
10/1/1974,2.20E-09
11/1/1974,2.29E-09
12/1/1974,2.58E-09
1/1/1975,2.66E-09
2/1/1975,2.78E-09
3/1/1975,3.00E-09
4/1/1975,3.30E-09
5/1/1975,3.42E-09
6/1/1975,4.15E-09
7/1/1975,5.59E-09
8/1/1975,6.84E-09
9/1/1975,7.58E-09
10/1/1975,8.63E-09
11/1/1975,9.40E-09
12/1/1975,1.12E-08
1/1/1976,1.22E-08
2/1/1976,1.45E-08
3/1/1976,2.00E-08
4/1/1976,2.68E-08
5/1/1976,3.00E-08
6/1/1976,3.09E-08
7/1/1976,3.22E-08
8/1/1976,3.39E-08
9/1/1976,3.75E-08
10/1/1976,4.07E-08
11/1/1976,4.39E-08
12/1/1976,5.02E-08
1/1/1977,5.43E-08
2/1/1977,5.88E-08
3/1/1977,6.32E-08
4/1/1977,6.70E-08
5/1/1977,7.13E-08
6/1/1977,7.68E-08
7/1/1977,8.25E-08
8/1/1977,9.18E-08
9/1/1977,9.94E-08
10/1/1977,1.12E-07
11/1/1977,1.22E-07
12/1/1977,1.31E-07
1/1/1978,1.48E-07
2/1/1978,1.58E-07
3/1/1978,1.72E-07
4/1/1978,1.92E-07
5/1/1978,2.08E-07
6/1/1978,2.22E-07
7/1/1978,2.36E-07
8/1/1978,2.55E-07
9/1/1978,2.71E-07
10/1/1978,2.98E-07
11/1/1978,3.24E-07
12/1/1978,3.53E-07
1/1/1979,3.98E-07
2/1/1979,4.28E-07
3/1/1979,4.61E-07
4/1/1979,4.93E-07
5/1/1979,5.27E-07
6/1/1979,5.79E-07
7/1/1979,6.20E-07
8/1/1979,6.91E-07
9/1/1979,7.38E-07
10/1/1979,7.70E-07
11/1/1979,8.10E-07
12/1/1979,8.47E-07
1/1/1980,9.08E-07
2/1/1980,9.56E-07
3/1/1980,1.01E-06
4/1/1980,1.07E-06
5/1/1980,1.14E-06
6/1/1980,1.20E-06
7/1/1980,1.26E-06
8/1/1980,1.30E-06
9/1/1980,1.36E-06
10/1/1980,1.46E-06
11/1/1980,1.53E-06
12/1/1980,1.59E-06
1/1/1981,1.67E-06
2/1/1981,1.74E-06
3/1/1981,1.84E-06
4/1/1981,1.98E-06
5/1/1981,2.13E-06
6/1/1981,2.33E-06
7/1/1981,2.57E-06
8/1/1981,2.78E-06
9/1/1981,2.98E-06
10/1/1981,3.15E-06
11/1/1981,3.38E-06
12/1/1981,3.67E-06
1/1/1982,4.11E-06
2/1/1982,4.33E-06
3/1/1982,4.53E-06
4/1/1982,4.72E-06
5/1/1982,4.87E-06
6/1/1982,5.25E-06
7/1/1982,6.11E-06
8/1/1982,7.00E-06
9/1/1982,8.20E-06
10/1/1982,9.24E-06
11/1/1982,1.03E-05
12/1/1982,1.14E-05
1/1/1983,1.32E-05
2/1/1983,1.49E-05
3/1/1983,1.66E-05
4/1/1983,1.83E-05
5/1/1983,2.00E-05
6/1/1983,2.31E-05
7/1/1983,2.60E-05
8/1/1983,3.05E-05
9/1/1983,3.70E-05
10/1/1983,4.33E-05
11/1/1983,5.16E-05
12/1/1983,6.07E-05
1/1/1984,6.83E-05
2/1/1984,7.99E-05
3/1/1984,9.61E-05
4/1/1984,0.000113919
5/1/1984,0.000133369
6/1/1984,0.000157252
7/1/1984,0.000186005
8/1/1984,0.000228494
9/1/1984,0.000291433
10/1/1984,0.000347752
11/1/1984,0.000399826
12/1/1984,0.000478499
1/1/1985,0.00059879
2/1/1985,0.00072273
3/1/1985,0.0009141
4/1/1985,0.00118353
5/1/1985,0.00148042
6/1/1985,0.00193248
7/1/1985,0.00205205
8/1/1985,0.00211511
9/1/1985,0.00215726
10/1/1985,0.00219909
11/1/1985,0.00225123
12/1/1985,0.00232272
1/1/1986,0.00239296
2/1/1986,0.00243355
3/1/1986,0.00254656
4/1/1986,0.00266707
5/1/1986,0.00277446
6/1/1986,0.00290059
7/1/1986,0.00309696
8/1/1986,0.00336888
9/1/1986,0.00361239
10/1/1986,0.00383124
11/1/1986,0.00403416
12/1/1986,0.00422523
1/1/1987,0.0045455
2/1/1987,0.004839
3/1/1987,0.0052386
4/1/1987,0.0054134
5/1/1987,0.0056382
6/1/1987,0.0060909
7/1/1987,0.0067059
8/1/1987,0.0076269
9/1/1987,0.0085166
10/1/1987,0.0101838
11/1/1987,0.0112296
12/1/1987,0.0116105
1/1/1988,0.012666
2/1/1988,0.013986
3/1/1988,0.01605
4/1/1988,0.018816
5/1/1988,0.021772
6/1/1988,0.025684
7/1/1988,0.032271
8/1/1988,0.041185
9/1/1988,0.046002
10/1/1988,0.050138
11/1/1988,0.053001
12/1/1988,0.056629
1/1/1989,0.06168
2/1/1989,0.067596
3/1/1989,0.079091
4/1/1989,0.105484
5/1/1989,0.188256
6/1/1989,0.403757
7/1/1989,1.19768
8/1/1989,1.651138
9/1/1989,1.805608
10/1/1989,1.906637
11/1/1989,2.030931
12/1/1989,2.844785
1/1/1990,5.098
2/1/1990,8.2368
3/1/1990,16.1052
4/1/1990,17.9367
5/1/1990,20.3775
6/1/1990,23.2095
7/1/1990,25.722
8/1/1990,29.6672
9/1/1990,34.3182
10/1/1990,36.9574
11/1/1990,39.2416
12/1/1990,41.0767
1/1/1991,44.239
2/1/1991,56.1793
3/1/1991,62.3828
4/1/1991,65.8204
5/1/1991,67.6664
6/1/1991,69.7801
7/1/1991,71.5881
8/1/1991,72.5194
9/1/1991,73.8004
10/1/1991,74.7973
11/1/1991,75.0882
12/1/1991,75.5757
1/1/1992,77.8752
2/1/1992,79.5527
3/1/1992,81.223
4/1/1992,82.2681
5/1/1992,82.8218
6/1/1992,83.4712
7/1/1992,84.9142
8/1/1992,86.1851
9/1/1992,87.0761
10/1/1992,88.1784
11/1/1992,88.5848
12/1/1992,88.8361
1/1/1993,89.5756
2/1/1993,90.2299
3/1/1993,90.9083
4/1/1993,91.8586
5/1/1993,93.0404
6/1/1993,93.7096
7/1/1993,94.0111
8/1/1993,94.0261
9/1/1993,94.801
10/1/1993,95.3369
11/1/1993,95.3914
12/1/1993,95.3789
1/1/1994,95.4749
2/1/1994,95.4715
3/1/1994,95.6046
4/1/1994,95.8373
5/1/1994,96.1695
6/1/1994,96.5417
7/1/1994,97.433
8/1/1994,97.634
9/1/1994,98.3022
10/1/1994,98.6172
11/1/1994,98.8402
12/1/1994,99.0551
1/1/1995,100.2893
2/1/1995,100.2866
3/1/1995,99.836
4/1/1995,100.2926
5/1/1995,100.3137
6/1/1995,100.1071
7/1/1995,100.5132
8/1/1995,100.2697
9/1/1995,100.4345
10/1/1995,100.776
11/1/1995,100.5458
12/1/1995,100.6477
1/1/1996,100.9494
2/1/1996,100.6214
3/1/1996,100.0785
4/1/1996,100.0801
5/1/1996,99.9908
6/1/1996,99.9934
7/1/1996,100.5356
8/1/1996,100.4577
9/1/1996,100.6401
10/1/1996,101.1474
11/1/1996,100.9903
12/1/1996,100.7024
1/1/1997,101.1727
2/1/1997,101.5617
3/1/1997,101.0611
4/1/1997,100.7271
5/1/1997,100.6435
6/1/1997,100.8726
7/1/1997,101.0968
8/1/1997,101.2632
9/1/1997,101.2147
10/1/1997,101.0561
11/1/1997,100.8608
12/1/1997,101.0327
1/1/1998,101.6677
2/1/1998,102.0222
3/1/1998,101.8941
4/1/1998,101.9056
5/1/1998,101.832
6/1/1998,102.0264
7/1/1998,102.3453
8/1/1998,102.3659
9/1/1998,102.3343
10/1/1998,101.9599
11/1/1998,101.7178
12/1/1998,101.704
1/1/1999,102.1834
2/1/1999,102.0193
3/1/1999,101.2533
4/1/1999,101.1542
5/1/1999,100.6561
6/1/1999,100.65
7/1/1999,100.8371
8/1/1999,100.4575
9/1/1999,100.2574
10/1/1999,100.2417
11/1/1999,99.9248
12/1/1999,99.8627
1/1/2000,100.7068
2/1/2000,100.7109
3/1/2000,100.1788
4/1/2000,100.0661
5/1/2000,99.6772
6/1/2000,99.4929
7/1/2000,99.925
8/1/2000,99.71
9/1/2000,99.5569
10/1/2000,99.74
11/1/2000,99.25
12/1/2000,99.13
1/1/2001,99.21
2/1/2001,98.99
3/1/2001,99.18
4/1/2001,99.84
5/1/2001,99.9
6/1/2001,99.18
7/1/2001,98.86
8/1/2001,98.51
9/1/2001,98.43
10/1/2001,98
11/1/2001,97.68
12/1/2001,97.6
1/1/2002,99.84
2/1/2002,102.97
3/1/2002,107.05
4/1/2002,118.17
5/1/2002,122.91
6/1/2002,127.36
7/1/2002,131.42
8/1/2002,134.5
9/1/2002,136.31
10/1/2002,136.61
11/1/2002,137.31
12/1/2002,137.57
1/1/2003,139.38
2/1/2003,140.17
3/1/2003,140.99
4/1/2003,141.07
5/1/2003,140.52
6/1/2003,140.4
7/1/2003,141.03
8/1/2003,141.06
9/1/2003,141.12
10/1/2003,141.95
11/1/2003,142.3
12/1/2003,142.6
1/1/2004,143.2
2/1/2004,143.34
3/1/2004,144.2
4/1/2004,145.43
5/1/2004,146.3
6/1/2004,147.32
7/1/2004,148
8/1/2004,148.51
9/1/2004,149.45
10/1/2004,150.04
11/1/2004,150.04
12/1/2004,151.3
1/1/2005,153.54
2/1/2005,155
3/1/2005,157.39
4/1/2005,158.16
5/1/2005,159.11
6/1/2005,160.57
7/1/2005,162.18
8/1/2005,162.89
9/1/2005,164.79
10/1/2005,166.07
11/1/2005,168.08
12/1/2005,169.95
1/1/2006,172.12
2/1/2006,172.8
3/1/2006,174.88
4/1/2006,176.58
5/1/2006,177.41
6/1/2006,178.27
7/1/2006,179.37
8/1/2006,180.38
9/1/2006,182
10/1/2006,183.56
11/1/2006,184.86
12/1/2006,186.67
1/1/2007,188.81
2/1/2007,189.38
3/1/2007,190.83
4/1/2007,192.25
5/1/2007,193.05
6/1/2007,193.9
7/1/2007,194.87
8/1/2007,196.01
9/1/2007,197.58
10/1/2007,198.93
11/1/2007,200.63
12/1/2007,202.49
1/1/2008,204.37
2/1/2008,205.33
3/1/2008,207.65
4/1/2008,209.37
